Rank,Puzzles,AMT (s),Solved rate,1-sigma Mean (s),1-sigma STD (s)
1,1 1 4 6,4.39,99.20%,4.66,1.47
2,1 1 11 11,4.42,99.60%,4.69,1.46
3,1 1 3 8,4.43,99.20%,4.69,1.48
4,1 1 1 8,4.46,98.90%,4.65,1.24
5,6 6 6 6,4.58,99.40%,4.82,1.48
6,1 1 2 12,4.62,99.20%,4.95,1.56
7,1 2 2 6,4.8,99.20%,5.16,1.61
8,1 1 10 12,4.81,99%,5.05,1.55
9,1 1 1 12,4.85,99.30%,5.18,1.62
10,2 2 10 10,4.86,98.20%,5.13,1.62
11,1 1 2 8,4.97,97.80%,5.31,1.74
12,1 1 4 8,4.99,98.20%,5.37,1.84
13,2 2 2 12,5,99.20%,5.35,1.69
14,1 1 5 8,5.01,96.40%,5.38,1.82
15,4 6 11 11,5.02,98.90%,5.4,1.73
16,1 1 3 12,5.03,97.30%,5.37,1.83
17,3 3 3 8,5.03,98.10%,5.4,1.78
18,1 1 4 12,5.04,97.50%,5.47,1.85
19,1 1 12 12,5.05,99.40%,5.42,1.66
20,1 1 2 6,5.08,98.50%,5.39,1.61
21,1 1 2 11,5.1,98.90%,5.41,1.7
22,11 11 12 12,5.11,98.80%,5.52,1.88
23,1 2 3 4,5.13,99.10%,5.47,1.82
24,1 1 13 13,5.14,99.40%,5.45,1.64
25,3 7 7 8,5.14,96.80%,5.52,1.92
26,1 1 3 6,5.18,97.80%,5.53,1.77
27,1 1 3 9,5.18,97%,5.53,1.86
28,1 2 4 12,5.18,97.70%,5.59,2
29,1 1 2 13,5.19,98.70%,5.49,1.79
30,1 1 5 6,5.19,96.90%,5.62,2.03
31,4 6 7 7,5.21,98.60%,5.55,1.84
32,7 7 12 12,5.21,98.60%,5.59,1.86
33,1 1 11 13,5.23,99.10%,5.66,1.83
34,4 6 13 13,5.24,98.80%,5.64,1.78
35,1 6 6 12,5.25,98.80%,5.58,1.71
36,12 12 12 12,5.25,99.30%,5.72,2.11
37,2 11 11 12,5.26,97.20%,5.67,1.98
38,4 4 4 6,5.26,98.20%,5.64,1.97
39,4 5 12 12,5.26,97%,5.61,1.79
40,1 1 1 11,5.27,97.30%,5.56,1.65
41,1 1 11 12,5.29,99.30%,5.67,1.78
42,2 7 7 12,5.29,98.70%,5.66,1.89
43,1 5 7 12,5.3,98.30%,5.87,2.11
44,1 8 8 8,5.31,97.80%,5.66,1.94
45,10 10 12 12,5.31,98.70%,5.73,1.89
46,2 2 3 8,5.32,98.20%,5.73,1.94
47,3 8 13 13,5.32,94.90%,5.68,2.06
48,11 11 11 12,5.33,94.90%,5.61,1.98
49,1 1 5 5,5.35,99.10%,5.71,1.8
50,2 9 9 12,5.36,97.50%,5.78,2.02
51,9 9 12 12,5.36,98.40%,5.84,2.1
52,3 3 12 12,5.38,98.80%,5.84,2.04
53,8 8 12 12,5.38,98.60%,5.82,1.96
54,3 8 11 11,5.39,96%,5.73,2.07
55,1 1 4 5,5.4,97.90%,5.78,2.01
56,1 6 8 12,5.4,96.90%,5.78,1.99
57,5 6 12 12,5.4,97.10%,5.79,1.8
58,11 12 12 12,5.4,97.70%,5.75,1.88
59,12 12 13 13,5.41,98.60%,5.8,1.91
60,1 1 12 13,5.42,98.80%,5.81,1.84
61,1 3 5 12,5.42,96.40%,5.79,2.1
62,5 5 12 12,5.43,98.70%,5.79,1.74
63,1 9 9 12,5.44,95.60%,5.72,1.77
64,3 4 4 8,5.45,98.30%,5.87,1.95
65,3 8 9 9,5.45,97%,5.82,1.97
66,3 8 10 10,5.46,95.60%,5.91,2.26
67,2 3 3 12,5.47,98.60%,5.93,2.05
68,2 5 5 12,5.47,98.70%,5.87,1.98
69,1 4 10 10,5.5,97.90%,5.91,2.09
70,2 12 13 13,5.5,97.30%,5.84,2
71,5 5 11 12,5.5,96.50%,5.88,1.88
72,7 7 11 12,5.5,93.70%,5.79,2.06
73,11 11 11 13,5.5,98.40%,6.06,2.25
74,1 1 3 7,5.52,96.90%,5.83,1.96
75,1 3 4 12,5.53,98.60%,5.96,1.96
76,1 2 5 8,5.54,95.70%,5.95,2.26
77,4 4 12 12,5.54,98.60%,5.96,2.05
78,2 2 4 6,5.55,99%,5.92,1.9
79,3 5 5 8,5.55,97%,5.93,2.05
80,1 8 9 12,5.56,96.40%,5.86,1.96
81,1 3 10 10,5.57,97.40%,5.87,1.99
82,6 7 12 12,5.57,95.70%,5.95,2.04
83,1 1 1 13,5.59,97.30%,5.91,1.78
84,1 4 7 12,5.59,98.30%,5.99,2.01
85,1 6 7 12,5.59,98.50%,6,1.99
86,2 3 12 12,5.59,97.40%,5.98,1.99
87,2 3 3 8,5.6,96.90%,5.96,1.95
88,1 3 3 4,5.62,97.60%,5.86,1.77
89,1 8 8 12,5.62,96.40%,5.91,1.89
90,1 1 4 7,5.63,97.20%,5.94,2.06
91,2 7 7 8,5.63,96.80%,5.94,1.99
92,8 8 11 13,5.63,97.10%,6.14,2.29
93,5 5 7 7,5.64,97.90%,5.98,1.9
94,3 7 8 8,5.65,96.10%,6.03,2.06
95,9 9 11 12,5.65,94%,5.99,2.14
96,4 6 6 6,5.66,98.30%,6.03,2.08
97,7 8 12 12,5.66,96.10%,6.1,2.12
98,1 1 10 13,5.67,98%,6.1,2.2
99,1 1 2 10,5.68,95.70%,5.97,1.83
100,1 2 5 12,5.68,95.50%,6.13,2.2
101,4 4 11 13,5.68,98%,6.27,2.34
102,1 6 9 12,5.69,95.50%,6.06,2.13
103,1 7 9 12,5.69,96%,6.09,2.23
104,4 5 5 6,5.69,97.40%,6.11,2.12
105,4 5 11 12,5.69,97.40%,6.09,2.11
106,1 6 6 11,5.71,98.20%,6.19,2.25
107,1 7 7 10,5.71,97.90%,6.16,2.15
108,2 2 12 12,5.71,98.70%,6.23,2.25
109,3 3 4 6,5.71,97.80%,6.13,2.1
110,1 2 2 10,5.72,96.50%,6.06,2.11
111,2 2 2 3,5.72,99%,5.97,1.71
112,3 7 7 7,5.72,97.50%,6.04,2.01
113,4 8 11 11,5.72,95.20%,6.04,1.98
114,3 3 11 12,5.73,94.70%,6.12,2.21
115,3 8 8 8,5.74,97.50%,6.11,2.14
116,12 12 12 13,5.74,97.50%,6.08,1.97
117,1 2 2 12,5.75,97.80%,6.1,1.98
118,3 6 11 11,5.75,94.40%,6.04,2.09
119,4 4 11 12,5.75,91.90%,6.09,2.36
120,2 8 9 9,5.77,96.40%,6.17,2.12
121,2 2 3 12,5.78,98.10%,6.2,2.04
122,6 6 12 12,5.79,98.40%,6.33,2.36
123,8 9 12 12,5.79,96.20%,6.27,2.24
124,4 6 9 9,5.8,96.30%,6.19,2.24
125,6 6 11 13,5.8,97.80%,6.3,2.23
126,1 4 4 12,5.81,95.70%,6.3,2.33
127,1 5 6 12,5.81,98.50%,6.2,2.08
128,3 4 4 6,5.81,97.40%,6.14,1.96
129,1 4 6 12,5.82,96.60%,6.26,2.44
130,7 7 11 13,5.82,97.60%,6.35,2.31
131,9 9 11 13,5.82,96.80%,6.38,2.41
132,1 5 8 8,5.83,94.80%,6.38,2.68
133,3 8 12 13,5.83,96%,6.2,2.18
134,1 8 10 12,5.84,95.50%,6.17,2.17
135,4 6 6 7,5.86,96.50%,6.22,2.08
136,11 13 13 13,5.86,97.80%,6.44,2.45
137,2 4 4 12,5.87,98.40%,6.25,2.14
138,5 6 11 12,5.89,97.30%,6.36,2.23
139,3 4 11 13,5.9,96.40%,6.37,2.36
140,3 6 7 7,5.9,93.30%,6.27,2.36
141,4 6 8 8,5.9,96.80%,6.35,2.25
142,1 3 6 12,5.91,96.80%,6.3,2.21
143,1 4 5 12,5.91,95.80%,6.34,2.32
144,1 4 8 12,5.91,97.60%,6.27,2.19
145,2 4 11 11,5.91,96.20%,6.35,2.35
146,2 10 10 12,5.91,97.10%,6.28,2.29
147,6 6 10 13,5.91,93.80%,6.42,2.66
148,3 8 10 11,5.92,94.50%,6.28,2.36
149,1 3 3 12,5.93,95.40%,6.35,2.32
150,1 12 13 13,5.93,94.30%,6.25,2.15
151,4 6 10 11,5.93,94.50%,6.34,2.39
152,10 10 11 13,5.94,97.70%,6.5,2.34
153,10 11 12 12,5.94,95.90%,6.29,2.06
154,1 1 3 13,5.95,95.10%,6.34,2.12
155,1 11 11 12,5.95,93.50%,6.18,2.22
156,2 8 8 12,5.95,97.50%,6.5,2.46
157,3 6 6 8,5.95,97.10%,6.35,2.24
158,3 6 13 13,5.95,94.50%,6.19,1.98
159,4 5 12 13,5.95,97.70%,6.46,2.16
160,4 8 10 10,5.95,97.40%,6.36,2.16
161,1 2 11 11,5.97,97.30%,6.46,2.43
162,1 7 8 10,5.98,97.60%,6.41,2.29
163,3 7 10 10,5.98,97.30%,6.38,2.21
164,4 6 10 10,5.98,96.50%,6.36,2.37
165,5 5 5 5,5.98,95.20%,6.4,2.17
166,1 6 12 12,5.99,94.50%,6.38,2.42
167,2 8 10 10,5.99,95.40%,6.3,2.06
168,9 10 12 12,5.99,95.80%,6.28,2.03
169,1 2 4 4,6,97%,6.34,2.14
170,1 2 6 6,6,97.50%,6.42,2.24
171,1 2 6 12,6,96.90%,6.38,2.23
172,1 3 6 8,6,95.60%,6.42,2.55
173,1 5 7 11,6.01,98.50%,6.48,2.14
174,1 6 7 10,6.01,98.50%,6.57,2.28
175,1 7 8 9,6.01,97.20%,6.43,2.28
176,4 5 5 5,6.01,97.50%,6.56,2.41
177,1 10 10 12,6.02,92.40%,6.23,2.09
178,4 8 13 13,6.02,94.60%,6.26,1.91
179,1 5 8 12,6.03,98.30%,6.5,2.2
180,1 2 10 12,6.04,97.40%,6.55,2.4
181,2 2 11 13,6.04,98%,6.59,2.42
182,3 9 9 9,6.05,97.60%,6.49,2.16
183,1 1 4 4,6.06,94.50%,6.34,2.43
184,1 2 4 8,6.06,96.60%,6.46,2.31
185,3 4 12 12,6.06,94.60%,6.53,2.48
186,1 1 6 6,6.07,97.20%,6.48,2.19
187,3 8 12 12,6.07,96.60%,6.51,2.48
188,1 3 9 12,6.09,96.30%,6.51,2.37
189,3 3 11 13,6.09,97%,6.62,2.5
190,1 2 6 8,6.1,96%,6.44,2.35
191,4 7 7 8,6.1,93.90%,6.58,2.53
192,1 1 3 4,6.11,98.10%,6.44,2.06
193,1 6 8 9,6.11,98.20%,6.54,2.36
194,2 2 11 12,6.11,92.50%,6.5,2.55
195,5 6 12 13,6.11,97.50%,6.52,2.18
196,1 1 9 13,6.12,97.30%,6.56,2.51
197,3 3 4 8,6.12,96.30%,6.45,2.15
198,2 11 12 12,6.13,95.40%,6.52,2.28
199,3 8 11 12,6.13,94.30%,6.64,2.68
200,1 7 8 8,6.14,96.70%,6.65,2.65
201,2 8 13 13,6.14,90.30%,6.44,2.59
202,1 7 7 12,6.15,89.10%,6.3,2.34
203,1 2 3 10,6.16,98.40%,6.48,2
204,1 5 7 13,6.16,97.90%,6.54,2.08
205,2 11 11 11,6.16,89.90%,6.27,2.5
206,10 13 13 13,6.16,93.40%,6.62,2.81
207,1 5 5 12,6.17,90.50%,6.38,2.34
208,2 3 11 12,6.17,94.90%,6.74,2.75
209,3 3 3 12,6.17,96.90%,6.63,2.45
210,5 5 11 13,6.17,96.20%,6.77,2.53
211,5 5 12 13,6.17,95.50%,6.64,2.17
212,1 2 3 8,6.18,97%,6.59,2.36
213,2 13 13 13,6.18,91%,6.37,2.37
214,1 4 7 8,6.2,96.70%,6.71,2.71
215,3 3 3 6,6.2,97.70%,6.75,2.6
216,8 8 11 12,6.2,90.70%,6.55,2.66
217,10 10 11 12,6.2,93.40%,6.55,2.3
218,11 12 13 13,6.2,95.20%,6.67,2.43
219,4 7 12 12,6.21,88.60%,6.62,2.94
220,5 5 5 6,6.21,96.10%,6.66,2.31
221,1 2 2 8,6.22,93.40%,6.68,2.64
222,1 10 12 12,6.22,95.90%,6.82,2.89
223,1 8 10 13,6.23,94.90%,6.57,2.4
224,1 2 13 13,6.25,97.20%,6.96,2.71
225,1 4 6 8,6.25,94.60%,6.62,2.55
226,2 2 4 5,6.25,98.30%,6.62,2.1
227,1 4 8 8,6.26,96.50%,6.73,2.48
228,1 5 10 10,6.26,97.30%,6.65,2.3
229,1 1 5 7,6.27,96.50%,6.59,2.11
230,1 2 3 12,6.27,96.30%,6.81,2.53
231,3 11 11 12,6.27,91.20%,6.47,2.18
232,4 4 10 13,6.27,93.50%,6.75,2.8
233,4 6 12 13,6.27,93.80%,6.79,2.86
234,7 7 12 13,6.27,93.80%,6.69,2.37
235,1 3 11 11,6.28,97.30%,6.69,2.42
236,2 7 8 12,6.3,95%,6.75,2.56
237,6 7 11 12,6.3,96.90%,6.85,2.6
238,7 9 11 11,6.3,95.70%,6.78,2.65
239,4 4 5 6,6.31,95.80%,6.61,2.25
240,1 4 12 12,6.32,91.30%,6.57,2.49
241,2 2 2 8,6.33,96.50%,6.89,2.73
242,2 12 12 13,6.33,95.60%,6.73,2.38
243,9 9 12 13,6.33,94%,6.67,2.22
244,1 2 10 11,6.34,97.70%,6.68,2.39
245,1 3 8 9,6.35,92.30%,6.93,3.28
246,1 4 4 5,6.35,96.90%,6.88,2.7
247,1 5 8 9,6.35,94.10%,6.83,2.66
248,4 8 9 9,6.35,90.50%,6.53,2.3
249,1 5 7 8,6.36,94.80%,6.76,2.45
250,2 12 12 12,6.36,98.40%,6.76,2.45
251,2 8 11 11,6.38,88.60%,6.56,2.77
252,3 6 7 8,6.39,97.80%,6.78,2.29
253,8 8 8 10,6.4,90.30%,6.75,2.91
254,1 2 8 8,6.41,96.10%,6.95,2.68
255,2 5 6 12,6.41,95.20%,6.83,2.53
256,3 7 9 9,6.41,91.20%,6.89,2.82
257,1 2 12 12,6.42,96%,6.73,2.2
258,1 3 6 6,6.42,97.20%,6.91,2.6
259,1 6 6 13,6.42,97.40%,6.81,2.45
260,1 8 8 9,6.42,96.30%,6.93,2.7
261,2 11 13 13,6.42,94.30%,6.9,2.53
262,3 6 10 11,6.42,95.70%,7.06,2.87
263,10 10 10 13,6.42,93%,6.84,2.98
264,1 3 3 7,6.43,96%,7.25,3.31
265,1 6 7 11,6.45,97.50%,7.07,2.88
266,2 6 6 12,6.45,97.70%,6.99,2.57
267,3 12 13 13,6.45,91.10%,6.64,2.3
268,6 6 11 12,6.45,89.10%,6.77,2.96
269,1 1 3 11,6.46,94.30%,6.71,1.98
270,4 5 9 9,6.46,88.30%,6.71,2.77
271,1 6 9 9,6.47,97.50%,6.9,2.5
272,2 8 10 11,6.47,94.90%,6.96,2.65
273,4 5 13 13,6.47,87.70%,6.72,2.85
274,4 4 4 4,6.48,97.90%,7.08,2.93
275,1 2 4 6,6.49,95.90%,6.89,2.53
276,2 3 11 13,6.49,92%,6.92,2.77
277,6 10 10 10,6.5,95.80%,6.76,2.3
278,1 3 5 8,6.51,95.10%,7.17,2.92
279,10 11 11 13,6.51,94.80%,6.9,2.6
280,2 4 5 12,6.52,94.50%,6.98,2.88
281,4 6 7 8,6.52,95.80%,6.96,2.48
282,12 13 13 13,6.52,94.50%,6.86,2.43
283,1 3 3 5,6.53,95%,6.8,2.48
284,1 4 4 7,6.53,96%,7.26,3.18
285,1 4 6 13,6.53,97.60%,6.97,2.37
286,1 7 8 12,6.53,95.70%,7.01,2.67
287,1 9 12 12,6.53,92.60%,6.89,2.81
288,2 2 2 11,6.54,92.20%,6.83,2.68
289,4 5 6 6,6.54,95.40%,6.86,2.37
290,3 4 5 8,6.55,96.20%,7.02,2.66
291,3 5 11 11,6.55,94.60%,7.08,2.98
292,1 4 7 13,6.56,96.60%,7.22,2.94
293,3 9 9 12,6.57,94.80%,6.96,2.59
294,1 5 8 10,6.58,96.50%,7.12,2.54
295,1 5 10 12,6.58,92.10%,6.99,3.07
296,2 3 4 6,6.58,97.80%,7,2.29
297,2 10 11 12,6.58,95.90%,6.9,2.42
298,1 7 7 11,6.59,96.90%,7.15,2.6
299,3 10 10 12,6.59,94.30%,6.94,2.33
300,5 6 6 7,6.59,97.90%,7.08,2.42
301,1 6 8 10,6.6,97.10%,7.03,2.4
302,3 7 7 12,6.6,90.10%,6.79,2.6
303,3 7 13 13,6.6,87.30%,6.74,2.77
304,4 6 11 12,6.6,92.80%,7,2.92
305,4 6 12 12,6.6,96.90%,7.07,2.45
306,1 2 5 6,6.61,94.40%,7.11,2.75
307,7 8 11 12,6.61,96.20%,7.09,2.66
308,2 8 8 13,6.62,92.90%,7.04,2.65
309,1 3 3 9,6.63,96.80%,7.17,2.84
310,1 3 13 13,6.63,97%,7.14,2.59
311,2 2 8 12,6.63,98.10%,7.09,2.32
312,1 2 10 13,6.64,97%,7.15,2.71
313,1 10 11 12,6.64,94.70%,7.04,2.52
314,3 7 11 11,6.64,88%,6.86,3.08
315,1 2 3 6,6.66,97%,7.09,2.42
316,4 4 12 13,6.66,91.90%,7.04,2.57
317,1 2 5 5,6.67,95.20%,7.19,2.91
318,2 8 9 12,6.67,95.10%,7.08,2.76
319,3 6 6 7,6.67,93.70%,7.13,2.7
320,3 8 9 10,6.67,96.30%,7.02,2.51
321,9 9 10 13,6.69,91%,6.89,2.68
322,1 4 8 13,6.71,97.50%,7.1,2.45
323,1 9 11 12,6.71,93.70%,7.13,3.01
324,1 12 12 12,6.71,93.50%,6.91,2.57
325,2 5 6 11,6.71,96.30%,7.19,2.62
326,1 3 3 3,6.72,95.60%,7.1,2.53
327,2 2 5 5,6.72,93.30%,7.1,2.48
328,3 3 3 3,6.72,95.90%,7.42,3.35
329,4 4 5 5,6.72,93.20%,7.15,2.55
330,5 6 7 7,6.73,87.70%,6.91,2.76
331,5 7 10 12,6.73,96.80%,7.19,2.46
332,1 1 2 7,6.74,95.50%,6.97,2.07
333,1 5 6 6,6.74,93.70%,7.41,3.37
334,3 4 10 13,6.74,96.50%,7.2,2.82
335,4 5 11 11,6.74,87.30%,7.22,3.62
336,6 8 10 12,6.74,97.30%,7.3,2.79
337,3 3 5 6,6.76,96.30%,7.36,2.68
338,6 7 12 13,6.76,95.50%,7.23,2.73
339,1 2 5 7,6.77,95.10%,7.1,2.66
340,2 2 2 13,6.78,93.50%,7.12,2.74
341,1 1 6 12,6.79,91.10%,7.45,3.41
342,2 2 2 4,6.79,96%,7.12,2.46
343,3 3 12 13,6.79,93.30%,7.24,2.66
344,4 8 8 8,6.8,94.60%,7.18,2.76
345,1 1 2 9,6.81,94.70%,7.11,2.33
346,2 11 11 13,6.81,94.90%,7.32,2.85
347,5 7 11 11,6.81,96.10%,7.24,2.67
348,8 9 11 12,6.81,95.20%,7.46,3.03
349,2 3 12 13,6.82,95.90%,7.3,2.66
350,3 4 5 7,6.82,96.70%,7.31,2.67
351,4 5 7 7,6.82,91.20%,7.47,3.54
352,7 7 10 13,6.82,89.70%,7.11,3.14
353,1 2 11 13,6.83,93.60%,7.45,3.1
354,11 12 12 13,6.83,97.10%,7.43,2.68
355,1 6 6 10,6.84,93.60%,7.18,3.09
356,1 6 8 11,6.84,97.80%,7.3,2.46
357,2 4 4 8,6.84,96.60%,7.26,2.67
358,2 4 13 13,6.85,95.60%,7.38,2.75
359,2 6 6 8,6.85,95.60%,7.43,2.99
360,5 6 13 13,6.85,87%,6.95,2.71
361,4 4 4 8,6.86,96.30%,7.45,2.87
362,4 7 7 7,6.86,88.90%,7.06,3.03
363,9 11 11 11,6.86,95.40%,7.23,2.75
364,7 8 12 13,6.87,96.50%,7.35,2.61
365,1 1 3 5,6.88,95.30%,7.2,2.31
366,1 3 6 7,6.89,96.10%,7.3,2.77
367,7 9 13 13,6.89,96.30%,7.43,2.77
368,1 1 4 9,6.9,93.40%,7.08,2.31
369,1 3 4 4,6.9,93.30%,7.21,3.07
370,1 9 10 12,6.9,93.80%,7.25,2.77
371,1 3 10 11,6.91,96.30%,7.58,3.11
372,4 7 10 11,6.91,97.10%,7.45,2.73
373,6 9 12 12,6.91,89.30%,7.47,3.68
374,8 9 10 13,6.91,96%,7.41,2.67
375,1 2 2 11,6.92,97.10%,7.47,2.94
376,3 3 3 10,6.92,94.20%,7.5,3.25
377,4 7 13 13,6.92,87.60%,7.12,2.97
378,9 10 11 12,6.92,96.10%,7.44,2.78
379,1 11 12 12,6.93,94.20%,7.47,3.13
380,5 5 10 10,6.93,86.90%,7.26,3.14
381,6 8 11 11,6.93,94.10%,7.48,3.07
382,2 5 5 13,6.94,92%,7.35,2.79
383,2 8 12 12,6.94,95.10%,7.31,2.62
384,3 3 3 7,6.94,92.20%,7.38,3.15
385,4 7 8 8,6.94,94.20%,7.36,2.55
386,8 9 12 13,6.94,96.10%,7.43,2.7
387,3 8 8 9,6.96,95.60%,7.3,2.53
388,4 5 10 10,6.96,91.10%,7.31,3.08
389,2 5 12 12,6.97,83.50%,7.36,4.06
390,4 6 9 10,6.97,93.80%,7.51,3.27
391,2 2 12 13,6.98,92.30%,7.26,2.62
392,2 5 5 8,6.98,88%,7.14,3.11
393,2 6 10 12,6.98,95.20%,7.45,2.82
394,2 9 9 11,6.98,87.40%,6.99,2.69
395,8 8 10 13,6.98,90.50%,7.42,3.12
396,11 11 12 13,6.98,95%,7.41,2.49
397,2 4 5 8,6.99,95.20%,7.39,2.79
398,2 6 7 13,6.99,96.70%,7.4,2.66
399,5 5 10 13,6.99,89.80%,7.35,3.24
400,1 2 11 12,7,96.90%,7.69,3.21
401,4 4 4 12,7,96.50%,7.47,2.94
402,1 2 6 7,7.01,95.20%,7.38,2.56
403,5 6 9 9,7.01,90.60%,7.27,2.73
404,1 8 8 11,7.02,93.50%,7.5,3.48
405,6 8 8 8,7.02,88.10%,7.42,3.5
406,1 3 5 13,7.03,94.30%,7.45,2.72
407,1 6 8 8,7.03,93%,7.34,2.94
408,5 6 11 11,7.03,87.20%,7.26,3.18
409,6 7 10 13,7.03,96.40%,7.55,2.79
410,2 9 9 13,7.04,88.80%,7.12,2.54
411,3 6 6 12,7.04,95.40%,7.71,2.94
412,3 6 9 9,7.04,94%,7.61,3.26
413,1 1 8 8,7.05,89.60%,7.48,3.69
414,1 3 7 13,7.05,96.90%,7.42,2.62
415,2 3 5 5,7.05,96.30%,7.56,2.9
416,1 7 7 9,7.06,96.20%,7.44,2.84
417,1 7 8 11,7.06,92.60%,7.44,3.09
418,1 8 8 10,7.06,92.20%,7.4,3
419,2 6 7 12,7.06,92.10%,7.22,2.93
420,3 7 12 13,7.06,93.80%,7.56,3.04
421,2 3 3 13,7.07,94%,7.62,2.94
422,8 8 9 11,7.07,89.70%,7.62,3.68
423,8 8 12 13,7.07,92.10%,7.36,2.63
424,8 10 11 11,7.07,94.80%,7.48,2.77
425,5 5 13 13,7.08,85.50%,7.29,3.13
426,1 3 10 12,7.09,96.40%,7.56,2.75
427,2 2 10 13,7.09,90%,7.32,3.09
428,3 3 4 4,7.09,94.40%,7.46,2.69
429,3 5 5 6,7.09,89.20%,7.33,3.13
430,5 5 6 6,7.09,93.10%,7.56,2.85
431,2 5 9 12,7.1,95.40%,7.56,2.87
432,9 12 12 12,7.1,82.20%,7.12,3.72
433,1 2 3 5,7.11,95.50%,7.41,2.38
434,5 5 11 11,7.11,85.90%,7.33,3.27
435,1 2 2 13,7.12,96.50%,7.68,3.11
436,10 10 12 13,7.12,92.30%,7.45,2.6
437,1 3 9 11,7.14,95%,7.63,3.11
438,1 5 6 9,7.14,92%,7.61,3.47
439,3 4 11 12,7.14,95.10%,7.77,3.37
440,4 6 6 8,7.14,97.30%,7.62,2.62
441,1 2 7 10,7.15,90.90%,7.88,4.08
442,4 8 11 12,7.15,92.90%,7.7,3.18
443,1 3 4 11,7.16,96%,7.68,2.9
444,1 7 10 12,7.16,92.80%,7.59,3.07
445,1 10 12 13,7.17,94.30%,7.53,2.87
446,2 6 10 10,7.17,95.80%,7.66,3.01
447,2 7 7 13,7.17,86.20%,7.28,3.01
448,1 2 4 10,7.18,96.20%,7.67,3.16
449,1 5 9 9,7.19,94.40%,7.71,3.15
450,3 8 8 12,7.19,91.50%,7.68,3.14
451,6 6 6 11,7.19,88.80%,7.44,3.43
452,2 8 8 8,7.2,93.90%,7.75,3.34
453,2 9 10 12,7.2,93.90%,7.53,2.84
454,4 5 11 13,7.2,90.40%,7.6,3.25
455,4 7 12 13,7.2,92.30%,7.76,3.39
456,6 6 12 13,7.2,90.30%,7.62,3.1
457,2 2 7 13,7.21,96.20%,7.63,2.92
458,5 9 10 10,7.21,92.70%,7.61,3.07
459,3 4 5 12,7.24,97.10%,7.64,2.68
460,1 3 4 5,7.25,97.50%,7.75,2.52
461,1 12 12 13,7.25,94.20%,7.8,3.18
462,3 6 11 12,7.25,93.50%,7.73,3.15
463,3 7 7 9,7.25,86.50%,7.29,2.98
464,4 8 10 12,7.25,95.70%,7.76,2.88
465,7 8 8 9,7.25,86.70%,7.68,3.86
466,1 3 7 8,7.26,89.20%,7.47,3.5
467,5 6 11 13,7.26,91.70%,7.8,3.35
468,3 5 5 12,7.27,89.10%,7.61,3.31
469,3 7 11 12,7.27,90.70%,7.79,3.57
470,3 9 10 11,7.27,93.10%,7.65,2.96
471,5 10 11 11,7.28,90.40%,7.53,2.8
472,1 6 6 9,7.29,90.50%,7.76,3.33
473,10 12 12 13,7.29,90.10%,7.72,3.5
474,1 1 6 8,7.3,94.80%,7.64,2.54
475,1 6 8 13,7.3,94.30%,7.74,2.86
476,5 5 7 8,7.3,92.50%,7.75,2.96
477,2 6 7 9,7.31,96%,7.81,3.03
478,3 5 13 13,7.31,94.20%,7.75,3.08
479,4 7 11 11,7.31,86.30%,7.44,3.39
480,5 5 9 9,7.31,85.40%,7.61,3.41
481,7 9 10 12,7.31,94.10%,7.85,3.2
482,1 7 9 13,7.32,93.70%,7.56,2.57
483,2 2 3 9,7.32,94.60%,7.77,2.89
484,2 4 10 12,7.32,96.60%,8,3.16
485,3 4 8 10,7.33,93.40%,7.71,3.22
486,1 8 9 11,7.34,92.80%,7.67,3.1
487,2 3 3 11,7.34,89.30%,7.59,3.24
488,3 6 6 6,7.34,94.40%,7.78,3.18
489,1 8 11 12,7.35,91.50%,7.86,3.49
490,2 7 8 13,7.35,94%,7.86,3.11
491,3 3 9 9,7.35,96%,7.74,2.78
492,4 5 5 8,7.35,87.80%,7.48,2.94
493,7 10 10 11,7.35,93.50%,7.69,2.96
494,2 3 7 12,7.37,94.80%,7.84,3.06
495,3 6 8 8,7.37,92.80%,7.73,2.97
496,4 4 5 8,7.37,96%,7.73,2.55
497,5 6 8 8,7.37,92.10%,7.73,2.93
498,10 11 11 12,7.38,96.80%,7.85,2.8
499,2 5 6 8,7.39,95.50%,7.95,3.04
500,3 3 4 5,7.39,93.90%,7.83,3.22
501,3 5 6 8,7.39,93.50%,7.86,3.2
502,5 8 8 10,7.39,91.40%,7.87,3.42
503,1 11 12 13,7.4,94%,7.84,3.22
504,3 9 11 11,7.41,85.70%,7.55,3.29
505,6 8 13 13,7.41,93.20%,7.85,3.08
506,2 10 10 11,7.42,85.10%,7.29,2.94
507,2 2 4 7,7.43,95.20%,8.07,3.14
508,3 5 10 12,7.45,94.80%,8.04,3.17
509,5 5 10 11,7.45,87.70%,7.82,3.53
510,1 2 3 7,7.46,96.20%,8.14,3.17
511,3 9 13 13,7.46,86.30%,7.65,3.33
512,2 6 9 11,7.47,95.80%,7.96,3.14
513,3 3 10 13,7.47,89.30%,7.75,3.51
514,1 4 4 4,7.48,95.80%,7.93,2.87
515,1 7 9 9,7.48,94.60%,7.91,3.16
516,2 4 8 10,7.48,97.70%,7.96,2.62
517,5 7 13 13,7.48,94.30%,7.9,3.21
518,7 10 12 12,7.48,84.60%,7.65,3.77
519,4 4 4 7,7.49,91.20%,7.87,3.4
520,6 6 6 9,7.49,89.70%,8.04,3.91
521,1 4 5 5,7.5,95.80%,7.94,2.71
522,2 6 6 6,7.5,95.90%,8.07,3.09
523,3 4 4 7,7.5,90.50%,7.94,3.43
524,6 7 11 13,7.5,90.10%,7.9,3.43
525,9 10 10 13,7.5,95.30%,7.95,3.08
526,1 2 3 9,7.51,96.40%,8.04,3.13
527,1 5 5 6,7.51,94.80%,8.01,3.08
528,2 2 6 6,7.51,95.80%,8.01,3.04
529,2 10 10 13,7.51,90.10%,7.71,2.92
530,4 7 9 9,7.51,86.50%,7.62,3.18
531,1 2 2 4,7.53,95.50%,7.84,2.43
532,2 3 4 12,7.53,94.40%,8.09,3.3
533,2 2 7 8,7.54,93.70%,7.88,2.99
534,2 6 6 13,7.54,85%,7.57,3.15
535,4 4 8 8,7.54,95.80%,8.17,3.21
536,4 8 12 13,7.54,91.80%,8.2,3.7
537,5 8 12 12,7.54,75.90%,6.87,3.62
538,1 2 4 13,7.55,93.60%,7.89,2.95
539,3 3 5 5,7.55,89.30%,7.77,3.16
540,3 5 5 7,7.55,90%,7.78,3.16
541,8 8 8 12,7.55,88.30%,7.95,4.03
542,1 8 9 13,7.56,91.30%,7.97,3.6
543,3 5 6 12,7.56,93.40%,8.08,3.24
544,4 4 7 9,7.56,93.20%,7.99,3.44
545,5 10 13 13,7.57,92.60%,8.01,2.8
546,3 6 10 12,7.58,93%,8.07,3.4
547,3 7 9 10,7.59,92%,8.17,3.53
548,2 6 6 11,7.61,83.30%,7.41,3.17
549,3 4 4 12,7.61,90.50%,7.94,3.33
550,1 2 12 13,7.62,96%,8.35,3.38
551,3 4 9 12,7.62,94.60%,8.08,3.11
552,2 7 8 8,7.63,92.40%,8.01,3.09
553,2 3 5 6,7.64,95.10%,8.06,2.94
554,2 8 12 13,7.64,89.40%,7.87,3.53
555,3 9 12 12,7.64,90.80%,8.2,3.46
556,2 4 4 13,7.65,85.40%,7.75,3.45
557,2 4 5 13,7.65,94.70%,8.24,3.3
558,1 3 8 12,7.66,96.70%,8.16,2.9
559,2 6 8 11,7.66,93.40%,8.1,3.36
560,9 11 13 13,7.66,92%,8.16,3.18
561,4 8 10 11,7.67,90.40%,8.02,3.49
562,8 9 11 13,7.69,90.70%,8.14,3.69
563,1 4 10 11,7.7,95%,8.16,3.2
564,1 9 11 11,7.7,89.70%,7.83,3.02
565,2 2 2 10,7.7,94.10%,8.13,3.33
566,2 4 4 11,7.7,84.60%,7.71,3.46
567,2 2 4 10,7.72,94.30%,8.05,2.91
568,4 5 7 8,7.72,95.60%,8.23,3.13
569,1 4 9 12,7.73,96%,8.4,3.38
570,3 3 4 12,7.73,95.10%,8.4,3.24
571,3 6 12 12,7.74,93.10%,8.3,3.52
572,4 7 9 10,7.74,90.60%,8.26,3.71
573,2 6 8 10,7.75,93.10%,8.24,3.44
574,2 6 11 13,7.75,89.90%,7.93,3.38
575,1 3 5 11,7.76,93%,8.07,2.83
576,3 4 4 9,7.76,91%,8.28,3.32
577,5 6 7 8,7.76,93.70%,8.26,3.13
578,1 2 2 5,7.78,94.40%,8.05,2.85
579,3 3 4 7,7.78,90.40%,8.29,3.59
580,3 6 6 9,7.78,96.20%,8.25,2.96
581,1 2 9 12,7.79,92.50%,8.36,3.8
582,5 6 10 10,7.8,86.80%,8.08,3.81
583,6 6 10 12,7.8,93.90%,8.22,3.11
584,1 2 4 11,7.81,91.80%,8.07,2.84
585,8 11 12 12,7.81,77.80%,7.28,3.56
586,1 6 9 13,7.82,90.60%,8.21,4.02
587,4 4 4 5,7.82,85%,7.84,3.78
588,5 6 6 6,7.84,87.60%,8,3.51
589,1 4 8 11,7.85,95.40%,8.3,2.89
590,1 5 6 10,7.85,91.50%,8.18,3.26
591,2 5 5 11,7.85,82.90%,7.73,3.44
592,3 5 8 11,7.86,89.60%,8.13,3.48
593,5 8 8 9,7.86,87.20%,8.1,3.92
594,2 2 9 11,7.87,91.70%,8.18,3.3
595,3 4 12 13,7.87,93.20%,8.45,3.68
596,6 6 7 10,7.87,84.10%,7.9,4.08
597,6 6 9 12,7.87,91.90%,8.17,3.36
598,2 7 7 11,7.88,86.30%,7.9,3.67
599,1 2 6 9,7.89,94.30%,8.45,3.57
600,1 4 4 10,7.89,92.20%,8.1,3.42
601,5 6 10 11,7.89,90.30%,8.2,3.51
602,2 2 4 8,7.9,95.80%,8.42,3.07
603,2 4 6 10,7.9,93.80%,8.34,3.38
604,3 12 12 12,7.9,90.90%,8.22,3.43
605,1 4 4 9,7.92,94.10%,8.35,3.4
606,3 6 7 9,7.92,93%,8.37,3.49
607,3 6 10 10,7.92,85.50%,7.91,3.7
608,4 5 10 11,7.92,88.20%,8.36,4.2
609,2 2 6 12,7.93,94.20%,8.52,3.5
610,6 7 8 10,7.93,91.60%,8.44,3.58
611,2 2 3 3,7.94,93.30%,8.3,3.25
612,10 12 13 13,7.94,94.30%,8.42,2.96
613,3 4 7 9,7.95,93.30%,8.42,3.75
614,4 6 8 9,7.95,93.30%,8.42,3.44
615,3 4 5 5,7.96,93.90%,8.65,3.72
616,3 7 12 12,7.96,91.20%,8.32,3.47
617,3 9 10 10,7.96,84.80%,7.84,3.5
618,7 8 11 13,7.96,90.30%,8.51,3.84
619,2 3 5 11,7.97,94.90%,8.51,3.32
620,3 12 12 13,7.97,92.60%,8.35,3.29
621,4 8 9 10,7.97,89%,8.19,3.38
622,8 10 13 13,7.97,92.50%,8.35,3.34
623,1 4 6 11,7.98,92.30%,8.29,3.24
624,5 8 8 13,7.98,92.60%,8.4,3.69
625,1 2 5 9,8,95%,8.51,3.11
626,2 5 6 13,8,91.40%,8.46,3.64
627,3 3 8 9,8,88.60%,8.38,3.93
628,3 4 10 12,8.02,92.60%,8.4,3.5
629,2 3 3 6,8.03,96.20%,8.49,2.94
630,4 5 8 9,8.03,89.20%,8.39,4.07
631,1 3 6 9,8.05,92.90%,8.58,3.29
632,3 7 10 11,8.05,90.50%,8.3,3.38
633,10 11 12 13,8.07,95.80%,8.67,3.5
634,2 3 4 8,8.08,92.70%,8.81,4.03
635,3 9 12 13,8.08,89.80%,8.55,4
636,4 4 6 12,8.09,94%,8.8,3.83
637,2 4 8 8,8.1,93.80%,8.76,4.09
638,4 7 9 12,8.1,94.90%,8.59,3.29
639,8 10 10 12,8.1,94.30%,8.58,3.44
640,2 2 3 7,8.11,88.30%,8.45,3.78
641,4 8 8 9,8.11,92.30%,8.34,3.08
642,2 7 8 11,8.12,94.80%,8.67,3.62
643,2 8 8 9,8.12,90.40%,8.42,3.39
644,4 10 12 12,8.12,92.10%,8.54,3.4
645,3 5 8 8,8.13,92.20%,8.57,3.9
646,2 7 11 12,8.15,91.60%,8.53,3.48
647,3 4 9 11,8.15,89.80%,8.41,4.01
648,4 5 9 10,8.15,90.70%,8.51,3.63
649,1 1 7 10,8.16,85.10%,8.25,4.32
650,1 4 9 11,8.16,94.30%,8.79,3.68
651,2 8 9 13,8.16,90.20%,8.45,3.62
652,2 4 9 13,8.17,93.60%,8.56,3.58
653,3 5 6 6,8.17,92.10%,8.71,3.64
654,3 7 8 12,8.17,95.10%,8.68,3.27
655,1 5 9 10,8.18,93.50%,8.67,3.81
656,2 7 9 10,8.18,94%,8.56,3.2
657,2 8 9 10,8.18,88.80%,8.4,3.83
658,4 6 8 12,8.18,94.20%,8.81,3.5
659,1 4 5 11,8.19,90.70%,8.48,3.93
660,2 5 6 7,8.19,92.50%,8.63,3.7
661,3 6 9 10,8.19,92.40%,8.55,3.61
662,2 4 8 12,8.2,94%,8.92,4.2
663,1 8 11 13,8.21,88.30%,8.33,3.57
664,1 3 6 13,8.22,91.90%,8.44,3.18
665,5 5 8 9,8.22,89.60%,8.69,3.92
666,2 4 8 11,8.24,92.70%,8.55,3.66
667,1 3 4 13,8.25,94.20%,8.81,3.69
668,1 5 5 13,8.25,93.10%,8.43,3.24
669,9 10 12 13,8.26,93.60%,8.84,3.62
670,4 4 10 12,8.27,90.70%,8.64,4
671,6 8 8 10,8.27,91%,8.72,4.04
672,2 2 4 11,8.28,91.60%,8.66,3.7
673,5 8 9 11,8.29,90%,8.57,3.71
674,2 2 6 10,8.3,95.20%,8.73,3.06
675,1 6 11 12,8.31,88.70%,8.28,2.96
676,5 5 8 8,8.31,84.80%,8.46,3.93
677,5 6 9 10,8.31,90.80%,8.82,3.83
678,2 5 10 11,8.33,94.20%,8.93,3.55
679,6 6 7 9,8.33,90.70%,8.69,3.72
680,2 8 8 11,8.35,83.90%,8.08,3.45
681,3 4 5 10,8.35,90.30%,8.69,4
682,1 2 8 9,8.36,93.30%,8.95,3.5
683,1 3 4 9,8.36,94.60%,8.85,3.81
684,1 3 12 12,8.36,85.70%,8.66,4.81
685,4 4 8 11,8.36,86.80%,8.37,3.72
686,5 8 11 13,8.36,88.70%,8.44,3.44
687,3 4 7 10,8.38,93.40%,8.64,3.49
688,2 4 4 4,8.39,94.60%,8.85,3.24
689,1 2 2 7,8.41,91.60%,8.74,3.36
690,3 6 8 9,8.42,93.80%,8.84,3.2
691,4 7 8 9,8.42,92.10%,8.82,3.72
692,1 4 9 10,8.43,93.40%,8.91,3.69
693,2 9 10 11,8.46,88.70%,8.38,3.33
694,2 3 3 7,8.47,92%,8.91,3.72
695,4 4 7 12,8.47,89.40%,8.85,4.16
696,1 2 6 13,8.48,90.70%,8.96,3.95
697,1 6 10 13,8.48,87.80%,8.7,4.11
698,6 8 10 13,8.48,86.60%,8.53,3.72
699,1 6 12 13,8.49,89.40%,8.56,3.32
700,2 9 12 13,8.49,90.60%,8.88,3.86
701,4 4 4 9,8.49,88.30%,8.52,4.02
702,5 6 10 13,8.49,91.30%,9.16,4.27
703,6 6 8 9,8.49,90.30%,8.78,3.52
704,3 3 7 11,8.5,92.10%,8.8,3.59
705,3 3 8 12,8.5,91.60%,9.03,3.91
706,2 4 7 10,8.51,91.20%,8.76,3.83
707,3 11 12 12,8.52,90.80%,8.79,3.3
708,2 4 6 6,8.53,94.10%,9.29,3.97
709,1 2 7 8,8.55,94.40%,9.09,3.56
710,3 6 7 12,8.55,90%,8.84,3.79
711,4 4 6 11,8.55,86.50%,8.62,4.46
712,6 6 9 11,8.55,88.80%,8.97,4.1
713,6 8 8 11,8.55,87.60%,8.7,3.91
714,5 7 8 8,8.56,82.80%,8.51,4.69
715,1 2 3 3,8.57,95.60%,8.92,2.97
716,1 3 4 10,8.57,93%,8.84,3.4
717,2 2 3 13,8.57,87.50%,8.61,3.64
718,2 3 10 13,8.57,93.50%,9.06,3.96
719,2 8 11 12,8.57,88.30%,8.81,4.16
720,2 10 11 13,8.58,89.50%,8.61,3.44
721,1 11 13 13,8.6,91.50%,8.96,3.81
722,2 4 7 11,8.6,92.70%,8.98,3.8
723,2 9 10 13,8.6,90.10%,9.17,4.1
724,2 2 4 13,8.62,91.10%,9.13,4.15
725,2 6 6 10,8.62,94.10%,9.06,3.63
726,4 5 8 12,8.62,93.40%,9.14,3.71
727,1 2 3 11,8.63,95.80%,9.03,3.41
728,3 7 7 13,8.63,93.60%,8.91,3.16
729,4 5 6 7,8.63,90.10%,9.02,3.86
730,7 8 8 11,8.64,80.80%,8.26,4.55
731,1 2 5 13,8.65,94.30%,9.18,3.67
732,1 2 9 13,8.65,93.40%,9.26,4.15
733,2 4 9 9,8.66,90.10%,8.8,3.84
734,1 4 6 7,8.67,87.20%,8.94,4.63
735,4 4 4 11,8.67,86.20%,8.86,4.65
736,2 2 8 10,8.68,94.40%,9.27,3.26
737,4 6 10 12,8.68,93.70%,9.26,3.97
738,2 6 7 8,8.69,89.70%,9.06,3.93
739,4 4 9 11,8.7,82.40%,8.41,4.5
740,1 3 9 13,8.71,93.90%,9.33,4.15
741,2 4 6 9,8.71,91.80%,9.12,4.17
742,2 4 10 13,8.72,89%,9.11,4.43
743,2 9 11 11,8.73,89.30%,9.14,4.05
744,1 3 4 7,8.74,95%,9.54,3.86
745,4 8 9 11,8.74,93%,9.24,3.93
746,6 8 9 13,8.74,93.90%,9.37,3.95
747,2 3 7 11,8.75,92%,9.14,4.21
748,2 8 9 11,8.76,90.70%,9.15,3.82
749,6 6 8 11,8.77,82.90%,8.51,4.48
750,3 9 9 10,8.79,86.60%,8.81,3.82
751,4 5 8 8,8.79,86.40%,8.82,4.06
752,6 6 8 10,8.79,90.20%,9.07,4.09
753,2 5 7 10,8.8,92.20%,9.23,3.75
754,4 5 9 13,8.81,89.30%,9.44,4.82
755,1 2 6 11,8.82,90.10%,9.3,4.3
756,1 3 8 8,8.82,86.70%,9.08,4.56
757,2 3 5 9,8.82,92.10%,9.37,4.34
758,9 10 11 13,8.82,89.80%,9.1,3.82
759,3 4 7 7,8.83,94.10%,9.48,3.84
760,4 11 12 13,8.83,91.30%,9.25,3.87
761,5 5 9 10,8.83,86.70%,9.15,4.39
762,4 4 8 10,8.86,91.30%,9.17,4.36
763,6 8 12 12,8.88,91.50%,9.6,4.31
764,3 5 9 12,8.9,89.90%,9.2,4.01
765,3 10 11 12,8.9,89.30%,9.06,3.72
766,4 8 8 12,8.9,94.60%,9.48,3.93
767,7 8 10 13,8.9,92.10%,9.43,4.1
768,3 5 6 9,8.91,92.70%,9.36,3.68
769,3 7 10 13,8.91,88.40%,9.36,4.71
770,5 6 6 10,8.92,89.10%,9.14,3.87
771,1 1 3 10,8.93,88.30%,8.95,3.87
772,1 2 4 5,8.93,90.70%,9.34,4.21
773,1 4 5 10,8.93,91.30%,9.06,3.61
774,1 4 6 9,8.93,86.10%,8.8,4
775,2 3 4 13,8.93,91%,9.28,3.95
776,1 5 5 9,8.94,88.40%,9.11,3.71
777,2 2 5 6,8.95,88.60%,9.25,4.43
778,3 4 4 5,8.95,91.10%,9.27,4.02
779,4 12 12 12,8.95,86.20%,9.26,4.75
780,1 3 5 10,8.97,93.30%,9.47,3.71
781,2 5 8 13,8.97,92.90%,9.47,3.91
782,4 4 8 13,8.98,86.70%,8.9,4.25
783,1 3 3 10,8.99,89.90%,9.11,4.11
784,2 11 12 13,9,89.70%,9.42,4.01
785,1 2 4 9,9.01,90.70%,9.34,3.91
786,4 5 5 9,9.01,91.30%,9.36,3.89
787,3 6 12 13,9.02,86.40%,8.98,4.34
788,2 2 3 6,9.03,91.70%,9.34,4.05
789,3 5 6 7,9.04,89.40%,9.08,3.83
790,5 5 6 7,9.04,90.90%,9.5,4.09
791,2 3 9 9,9.05,90.60%,9.44,4.01
792,2 2 5 7,9.06,89%,9.14,3.74
793,3 9 10 12,9.09,90.40%,9.29,3.7
794,4 7 10 10,9.09,83.80%,8.83,4.15
795,6 6 8 13,9.09,83.30%,8.83,4.34
796,1 5 9 11,9.1,93.10%,9.57,3.95
797,6 6 6 12,9.1,89.40%,9.31,4.53
798,1 5 6 8,9.12,90.20%,9.21,3.9
799,8 8 9 13,9.12,81.10%,8.69,4.72
800,2 5 8 9,9.13,92.60%,9.45,3.72
801,2 2 3 11,9.14,86.20%,9.17,4.17
802,2 3 6 10,9.15,92.30%,9.37,3.75
803,2 10 11 11,9.15,86.20%,9.1,3.97
804,6 8 11 13,9.15,86.20%,9.45,4.52
805,4 4 5 10,9.16,86.10%,9.21,4.74
806,5 10 10 12,9.16,87%,9.14,3.6
807,3 4 7 11,9.17,87.40%,9.22,4.68
808,2 2 5 11,9.19,87.50%,9.48,4.41
809,2 3 4 11,9.19,88.40%,9.36,4.16
810,1 3 5 7,9.23,89.80%,9.45,4.08
811,1 5 10 13,9.23,88.60%,9.23,3.46
812,5 7 8 9,9.25,89%,9.56,4.23
813,2 3 8 12,9.26,93%,9.76,3.8
814,2 8 8 10,9.26,92.70%,9.47,3.78
815,3 3 6 11,9.26,90.20%,9.69,4.44
816,3 5 5 9,9.26,83.30%,8.91,4.02
817,4 5 10 13,9.3,91.10%,9.75,4.4
818,8 8 8 13,9.3,84.70%,9.26,4.34
819,3 4 6 12,9.31,93.40%,9.87,3.98
820,3 7 8 9,9.31,86.90%,9.29,3.91
821,7 12 12 13,9.31,82.60%,9.04,4.24
822,1 1 4 10,9.32,85.20%,9.22,5.04
823,5 6 7 12,9.33,84.50%,9.24,4.33
824,1 2 7 9,9.34,93.30%,9.81,3.84
825,2 2 6 8,9.34,95.50%,9.78,3.6
826,2 3 4 4,9.34,94.10%,9.76,3.62
827,4 7 7 11,9.36,87.70%,9.63,4.63
828,2 3 3 9,9.39,93.20%,9.81,3.84
829,1 9 11 13,9.4,87.90%,9.59,4.13
830,3 9 11 12,9.4,90.10%,9.84,4.41
831,3 7 7 10,9.41,89.30%,9.67,4.28
832,4 5 7 12,9.41,87.70%,9.35,3.92
833,3 3 3 9,9.44,84.10%,9.41,4.81
834,5 8 9 12,9.45,92.30%,9.87,4.01
835,2 4 4 7,9.46,89.50%,9.63,4.32
836,5 11 12 12,9.46,82.60%,9.05,4.19
837,3 4 5 9,9.47,85.10%,9.3,4.52
838,3 3 4 9,9.48,92.10%,9.77,3.83
839,5 9 9 11,9.48,89.40%,9.74,3.89
840,4 5 5 7,9.49,82.60%,9.12,4.26
841,2 5 6 10,9.51,88.10%,9.58,4.48
842,3 4 6 10,9.52,90%,10,4.77
843,3 8 9 12,9.52,90%,9.93,4.46
844,6 6 6 8,9.52,91.30%,9.86,4.28
845,1 6 9 10,9.54,91.90%,9.82,3.8
846,2 3 6 11,9.56,90.30%,9.93,4.44
847,4 7 11 12,9.56,86.30%,9.74,4.78
848,2 6 8 8,9.57,92.60%,9.94,4.09
849,2 3 8 11,9.59,92.60%,10.18,4.08
850,2 4 5 9,9.6,86.50%,9.65,4.67
851,4 5 7 11,9.6,87.30%,9.78,4.93
852,2 7 9 13,9.61,87.30%,9.84,4.85
853,4 7 8 13,9.61,90.80%,10.09,4.38
854,5 6 8 9,9.61,90%,9.92,4.4
855,3 3 5 9,9.63,87.10%,9.61,3.97
856,3 7 8 13,9.65,84.10%,9.61,4.89
857,3 3 6 9,9.66,94.30%,10.33,4.11
858,3 5 9 13,9.66,91.40%,10.02,4.08
859,6 6 8 12,9.66,90.90%,10,4.28
860,2 2 4 9,9.67,90.60%,9.95,4.32
861,1 7 12 12,9.68,80.20%,8.91,4.39
862,4 4 5 7,9.71,85.10%,9.43,4.52
863,3 8 8 11,9.73,89.70%,9.92,4.56
864,3 3 7 9,9.76,90.70%,9.95,3.78
865,4 9 12 12,9.78,89.50%,10.25,4.41
866,1 5 6 13,9.8,90.30%,10.14,4.67
867,2 3 9 13,9.8,87.60%,10.09,5.26
868,1 5 5 11,9.81,87.90%,9.91,4.16
869,6 6 8 8,9.81,85.90%,9.68,4.4
870,2 3 4 10,9.82,91.90%,10.25,4.26
871,2 4 6 13,9.83,87.30%,10.08,5.06
872,4 9 9 10,9.83,90%,10.09,4.09
873,5 6 9 12,9.84,87.30%,9.89,4.32
874,2 4 5 11,9.86,87.30%,10.06,4.71
875,6 7 9 12,9.87,86.70%,9.76,4.74
876,3 3 3 5,9.89,85.60%,9.57,4.06
877,6 12 13 13,9.89,87.40%,9.95,3.84
878,6 9 10 11,9.9,91.40%,10.22,4.1
879,1 7 9 10,9.93,86.90%,9.87,3.95
880,2 2 2 5,9.93,78.70%,9.07,4.76
881,1 2 5 10,9.96,91.80%,10.18,4.03
882,5 7 9 13,9.96,91%,10.39,4.07
883,3 3 6 10,9.97,86.50%,9.84,4.27
884,4 4 6 13,9.97,82.70%,9.51,5.06
885,6 11 11 12,9.99,86.50%,9.88,3.99
886,6 10 12 12,10,88.90%,10.25,4.56
887,3 6 9 11,10.03,86.80%,9.93,4.67
888,6 8 9 11,10.03,84.50%,9.92,4.73
889,4 9 11 12,10.04,88.80%,10.25,4.31
890,1 3 3 11,10.05,88.30%,9.99,4.67
891,3 4 4 13,10.06,88.90%,10.18,4.26
892,3 4 5 6,10.07,84.10%,10,5.04
893,4 6 7 10,10.07,86.70%,10.2,4.79
894,1 8 10 11,10.08,87.20%,10.07,3.45
895,3 4 8 11,10.08,87.10%,10.11,4.98
896,2 4 12 12,10.09,85.80%,10.06,4.73
897,5 5 5 9,10.09,87.70%,9.85,4.11
898,4 5 6 10,10.1,90.50%,10.62,4.44
899,1 2 4 7,10.12,89.50%,10.49,4.94
900,7 8 9 13,10.12,84.10%,9.8,4.28
901,2 5 8 11,10.13,86.10%,10.32,5.14
902,2 6 12 12,10.13,88.90%,10.55,5.13
903,3 3 6 13,10.13,86.30%,10.38,5.35
904,2 3 6 9,10.14,93.30%,10.62,4.19
905,6 7 8 9,10.14,84.50%,9.82,4.48
906,1 11 11 13,10.15,87.90%,10.16,4.35
907,5 5 6 11,10.15,87.10%,10.08,4.6
908,1 2 8 13,10.16,91.40%,10.45,4.75
909,1 5 10 11,10.18,86.30%,9.99,3.67
910,6 8 9 9,10.18,86.30%,10.15,4.15
911,3 3 7 12,10.2,84.60%,10.15,5.35
912,2 4 8 9,10.22,83.90%,9.96,4.58
913,4 6 6 9,10.22,87.90%,10.59,5.33
914,3 4 6 11,10.23,89%,10.45,4.59
915,1 3 5 9,10.25,90.60%,10.52,4.51
916,1 4 4 8,10.25,89.70%,10.52,5.49
917,2 4 6 12,10.27,94.40%,11.09,4.78
918,1 5 9 13,10.28,84.90%,10.22,4.82
919,4 7 9 13,10.29,84.30%,10.41,5.76
920,4 5 7 9,10.3,86.70%,10.57,5.1
921,1 4 5 13,10.31,87.70%,10.43,4.58
922,3 6 9 12,10.31,92.90%,10.79,4.19
923,6 9 12 13,10.31,88.40%,10.5,4.31
924,3 3 6 7,10.34,88.90%,10.75,4.64
925,2 4 6 7,10.36,90%,10.47,4.3
926,5 5 8 10,10.37,81.40%,9.78,4.02
927,5 6 8 12,10.38,87.90%,10.39,4.1
928,7 9 9 13,10.38,88%,10.39,4.65
929,2 2 7 12,10.39,83.10%,9.92,4.5
930,6 7 8 11,10.39,83.70%,10.18,5.02
931,5 6 8 10,10.41,87%,10.39,4.44
932,5 8 11 12,10.41,87%,10.61,4.25
933,2 5 10 10,10.45,78.50%,9.57,4
934,5 6 7 13,10.46,86.30%,10.63,5.5
935,6 6 7 12,10.46,83.90%,10.14,4.76
936,2 2 8 8,10.47,91.30%,10.81,4.75
937,2 6 8 12,10.48,94.10%,11.18,4.57
938,4 5 6 8,10.51,87.60%,10.46,4.32
939,6 9 9 11,10.52,82.50%,9.85,5.11
940,1 2 7 11,10.55,88.40%,10.69,4.75
941,4 5 10 12,10.55,86.40%,10.42,4.41
942,6 11 12 13,10.56,80.30%,9.74,5.09
943,1 3 9 9,10.6,85.10%,10.21,4.08
944,1 4 4 11,10.61,86.50%,10.51,5.2
945,2 3 9 10,10.64,89.90%,10.85,4.25
946,2 7 12 13,10.65,80.20%,9.84,4.93
947,6 10 12 13,10.65,82.50%,10.16,4.77
948,1 2 3 13,10.67,91.80%,11.02,4.82
949,1 3 6 11,10.68,88.30%,10.61,4.34
950,3 4 9 13,10.68,79.60%,9.63,5.49
951,1 7 9 11,10.71,85.30%,10.51,4.28
952,2 3 6 6,10.72,91.90%,11.12,4.36
953,6 7 10 12,10.72,85.10%,10.72,4.79
954,1 2 2 9,10.73,82.40%,10.01,4.54
955,3 4 6 8,10.74,90.80%,11.27,5.07
956,1 7 10 13,10.78,83.60%,10.42,4.62
957,5 10 12 13,10.78,83.40%,10.34,4.45
958,7 8 8 12,10.78,83.60%,10.45,4.55
959,2 2 5 12,10.8,84.50%,10.61,5.19
960,2 3 6 13,10.81,90.10%,10.9,4.56
961,1 3 8 13,10.82,90.40%,11.13,5.01
962,1 6 6 6,10.83,85.60%,10.35,5.11
963,2 6 8 13,10.83,87.30%,10.96,5.11
964,8 8 10 12,10.85,78.70%,9.8,5.63
965,2 5 7 7,10.86,82.60%,10.42,4.69
966,1 9 10 13,10.9,83.20%,10.4,4.48
967,3 9 10 13,10.91,82.90%,11.04,6.37
968,3 3 4 11,10.94,88.70%,11.04,5.45
969,4 4 7 10,10.96,75%,9.04,4.48
970,4 4 8 12,10.96,92.20%,11.62,5.02
971,5 6 6 8,10.96,81.50%,10.52,5.85
972,1 2 6 10,10.97,86.60%,10.9,4.97
973,2 3 4 7,10.99,86.80%,10.92,4.93
974,3 3 9 12,11.04,87.20%,11.09,4.96
975,2 3 4 9,11.05,88.40%,11.17,4.73
976,5 9 12 12,11.09,82.90%,10.8,4.75
977,3 4 6 6,11.1,90.40%,11.32,4.62
978,1 3 7 10,11.11,86.30%,11.04,5.27
979,7 7 8 11,11.11,80.40%,10.13,4.5
980,5 8 8 8,11.12,80.60%,10.58,5.29
981,3 5 7 10,11.14,84.50%,10.76,5.14
982,2 3 10 12,11.16,86.60%,11.31,4.13
983,1 5 12 12,11.17,81%,10.29,4.92
984,2 4 5 6,11.17,91%,11.66,4.49
985,2 6 7 11,11.18,82.60%,10.65,5.16
986,2 4 6 11,11.22,85.30%,11.07,5.47
987,6 8 8 12,11.22,88.10%,11.46,5.03
988,5 5 8 13,11.24,81%,10.71,4.56
989,2 3 3 10,11.29,84.70%,11.35,4.91
990,3 4 8 12,11.29,87.80%,11.29,5.48
991,4 9 10 13,11.35,82.40%,10.82,4.87
992,1 5 6 7,11.36,89%,11.62,4.68
993,4 4 9 12,11.36,78.40%,10.25,4.75
994,5 8 10 11,11.38,87.30%,11.02,4.79
995,2 2 8 9,11.39,87%,11.54,5.02
996,4 10 12 13,11.39,81.30%,10.47,5.59
997,2 4 4 6,11.41,90.30%,11.73,4.72
998,2 4 6 8,11.41,93.40%,11.83,4.44
999,2 4 9 12,11.41,87.30%,11.42,4.85
1000,3 3 6 12,11.41,87%,11.6,6
1001,1 2 7 12,11.45,77.60%,9.83,5.68
1002,2 3 4 5,11.45,84.60%,11.13,5.68
1003,4 4 5 11,11.47,85.10%,11.33,4.8
1004,4 8 11 13,11.49,82.40%,10.64,5.23
1005,3 3 5 12,11.5,87%,11.57,5.19
1006,8 9 9 12,11.51,82.60%,10.89,4.72
1007,1 4 7 7,11.52,85.50%,11.34,4.63
1008,1 3 4 8,11.55,89.70%,11.7,4.71
1009,2 5 6 6,11.55,78.30%,10.18,5.79
1010,7 8 10 10,11.55,79.10%,10.68,4.98
1011,3 4 6 9,11.57,82.50%,10.93,5.56
1012,3 6 7 13,11.58,82.60%,10.91,6.13
1013,6 7 9 9,11.58,80.30%,10.88,6.08
1014,2 3 5 7,11.6,89.20%,11.71,4.97
1015,1 6 7 9,11.64,84.60%,11.38,4.72
1016,4 5 6 13,11.64,78%,10.34,5.22
1017,3 7 8 11,11.7,83%,11.31,5.77
1018,1 5 7 9,11.71,84.50%,11.22,4.91
1019,3 3 5 13,11.72,85%,11.49,4.79
1020,4 6 7 12,11.72,81.30%,11.3,5.51
1021,6 8 9 12,11.73,86.60%,11.74,5.08
1022,3 7 9 11,11.74,88.20%,11.88,4.93
1023,3 5 7 9,11.78,86.30%,11.56,4.94
1024,3 7 9 12,11.78,86%,11.76,5.67
1025,1 3 7 12,11.79,85.30%,11.13,5.09
1026,2 5 8 10,11.8,82.80%,10.98,4.8
1027,2 6 10 13,11.8,84.70%,11.41,5.5
1028,1 3 7 7,11.81,85.40%,11.57,4.7
1029,3 5 10 13,11.81,82.50%,11.07,5.39
1030,1 4 8 9,11.83,89.10%,12.04,5.17
1031,2 7 9 11,11.85,83.70%,11.45,5.46
1032,4 8 9 13,11.86,82.30%,11.03,6.15
1033,4 6 8 13,11.88,80.90%,11.05,5.22
1034,4 8 8 10,11.9,85.60%,11.74,5.57
1035,2 3 7 13,11.92,86.20%,11.77,5.36
1036,5 5 8 12,11.93,79.50%,10.99,5.07
1037,5 8 10 12,11.94,84.40%,11.29,5.18
1038,4 5 5 10,11.98,81%,11.06,4.48
1039,3 5 6 10,12,85.90%,11.74,5.64
1040,1 3 3 6,12.01,87.30%,11.95,5.21
1041,7 8 9 10,12.03,79.80%,11.15,5.42
1042,2 9 11 13,12.04,81.90%,11.42,5.52
1043,2 3 5 13,12.1,85.70%,11.97,5.39
1044,2 5 7 13,12.12,83.90%,11.83,5.65
1045,2 5 11 12,12.12,76.90%,10.52,5.47
1046,1 5 8 11,12.15,89.40%,12.52,5.58
1047,2 5 5 7,12.15,82.10%,11.65,4.9
1048,4 6 6 12,12.17,85.90%,11.71,5.88
1049,3 3 3 11,12.22,78.20%,10.86,5.47
1050,3 4 8 9,12.24,88%,12.36,5.09
1051,2 4 4 5,12.28,82.20%,11.4,5.18
1052,2 5 7 11,12.29,82.50%,11.69,5.76
1053,2 4 4 10,12.35,89.70%,12.49,5.2
1054,7 10 10 12,12.35,78.10%,11.25,5.28
1055,2 3 6 12,12.36,91.30%,12.81,5.22
1056,6 9 9 12,12.39,87%,12.28,5.85
1057,3 3 3 4,12.4,82.40%,11.59,5.95
1058,2 6 6 7,12.42,78.30%,10.87,5.66
1059,4 9 10 11,12.42,76.60%,10.68,5.77
1060,4 4 6 9,12.45,77.20%,10.66,5.62
1061,1 4 5 7,12.55,87.90%,12.55,5.3
1062,7 9 10 11,12.57,77%,10.97,5.42
1063,3 4 9 9,12.59,84.30%,12.14,5.01
1064,4 4 6 10,12.6,87.50%,12.58,5.31
1065,4 10 11 13,12.6,75.80%,10.69,5.72
1066,3 3 6 8,12.62,74.60%,10.47,5.65
1067,4 4 7 8,12.62,84%,12.38,5.62
1068,6 9 10 12,12.62,80.20%,11.56,6.11
1069,2 2 2 7,12.65,72.70%,9.65,5.71
1070,1 5 8 13,12.73,80.10%,11.53,5.8
1071,2 4 5 7,12.75,78.50%,11.35,5.63
1072,7 7 9 10,12.75,75.80%,11.36,5.29
1073,4 6 9 13,12.82,85.30%,12.78,5.29
1074,1 4 7 9,12.83,82.10%,11.99,5.11
1075,3 5 6 11,12.83,82.20%,12.15,6.66
1076,2 4 8 13,12.84,82.30%,12.2,5.94
1077,3 3 5 10,12.85,83%,12.1,5.35
1078,5 6 10 12,12.86,75.90%,11.04,5.51
1079,3 5 11 12,12.87,79.80%,11.55,5.83
1080,4 8 12 12,12.89,85.50%,12.27,5.91
1081,3 3 9 13,12.95,74.20%,10.75,6.05
1082,2 5 10 13,12.97,82%,12.42,5.92
1083,4 5 8 13,12.97,78.10%,11.51,6
1084,4 7 10 12,12.97,79.70%,11.58,5.66
1085,5 7 7 9,12.98,74.30%,11.18,5.16
1086,2 3 3 3,12.99,82.30%,11.97,5.98
1087,5 7 11 13,13.01,71%,10.13,5.25
1088,1 4 5 9,13.04,82.10%,12.16,6.73
1089,4 4 6 8,13.09,84.10%,12.47,6.8
1090,6 9 11 13,13.1,72.70%,10.49,6.14
1091,2 3 8 8,13.13,80.40%,11.98,5.81
1092,3 5 6 13,13.17,76%,11.41,5.6
1093,1 4 6 6,13.24,80.20%,11.99,6.48
1094,4 4 5 12,13.31,79%,11.77,6.15
1095,2 3 5 10,13.32,80.20%,12.09,5.37
1096,1 5 6 11,13.33,80.90%,12.15,6.59
1097,5 5 7 10,13.33,74%,11.53,5.1
1098,1 4 5 8,13.4,82.40%,12.65,5.77
1099,1 1 6 9,13.41,80.60%,11.59,6.55
1100,5 9 10 13,13.41,78%,11.67,5.89
1101,3 5 7 8,13.44,85.30%,13.03,5.94
1102,5 7 10 10,13.45,76.60%,12.22,5.4
1103,2 8 10 13,13.51,80.80%,12.72,6.13
1104,2 2 2 9,13.52,76.20%,11.14,6.45
1105,4 10 10 12,13.52,78.10%,12.23,6.33
1106,6 7 7 10,13.54,72.80%,10.93,5.34
1107,6 9 11 12,13.55,75.40%,11.24,6.13
1108,2 7 10 11,13.56,78.80%,12.39,6.17
1109,7 10 11 13,13.57,73.70%,11.23,5.88
1110,1 3 6 10,13.6,82.30%,12.3,6.99
1111,6 8 11 12,13.7,78%,12.43,5.9
1112,4 5 8 10,13.77,75.80%,11.49,5.96
1113,3 8 9 11,13.78,80%,12.74,6.87
1114,6 12 12 12,13.91,76.50%,11.76,6.74
1115,2 3 7 8,13.93,80.30%,12.8,5.62
1116,2 10 12 13,13.93,81.50%,13.23,6.13
1117,6 7 10 10,14.06,70.60%,10.67,5.88
1118,2 4 7 9,14.13,80.50%,13.27,6.38
1119,2 3 8 9,14.2,81.20%,12.99,6.27
1120,3 5 9 9,14.2,79.30%,13.09,6.21
1121,5 7 9 11,14.2,71.50%,11.16,5.94
1122,2 2 5 9,14.28,74.20%,11.89,6.37
1123,3 3 9 11,14.28,79.20%,13.21,5.79
1124,1 3 7 9,14.31,80.20%,12.81,5.55
1125,2 4 9 10,14.35,79.50%,13.13,6.06
1126,3 3 8 10,14.43,80.90%,13.75,5.74
1127,3 5 5 11,14.44,79.40%,13.31,5.6
1128,3 5 12 12,14.58,67.40%,9.93,6.09
1129,3 4 4 10,14.59,77.30%,12.34,6.83
1130,1 3 5 6,14.6,86.20%,14.29,5.94
1131,3 4 4 11,14.63,76.30%,12.75,6.46
1132,2 6 12 13,14.66,78.60%,13.45,5.85
1133,5 5 9 11,14.69,71.40%,12.38,5.26
1134,4 6 9 12,14.75,77.60%,12.73,7.02
1135,3 4 7 12,14.76,82.70%,14.25,6.3
1136,2 5 9 10,14.78,78.10%,13.27,6.35
1137,2 6 9 12,14.79,82.90%,13.86,6.66
1138,4 5 8 11,14.82,73.30%,11.94,6.78
1139,3 3 4 13,14.83,76.50%,12.44,6.86
1140,5 6 6 12,14.86,80.80%,13.61,6.13
1141,4 4 4 10,14.89,77.10%,12.86,6.5
1142,5 9 9 12,14.9,75.90%,13.14,6.76
1143,2 2 3 4,14.95,77.30%,13.13,6.06
1144,3 4 10 10,14.95,75.50%,12.98,6.1
1145,6 10 10 13,14.95,69.30%,11.14,6.24
1146,4 4 5 13,14.96,72.90%,12.12,7.21
1147,3 6 11 13,15.01,73.10%,11.55,6.9
1148,2 5 9 11,15.03,76.40%,13.25,6.99
1149,2 2 5 10,15.04,78.70%,13.58,5.84
1150,1 5 11 12,15.08,71.20%,11.47,6.18
1151,2 2 7 7,15.1,70%,11.47,6.07
1152,3 6 8 13,15.12,81.40%,14.48,6.32
1153,5 7 8 10,15.19,70.90%,12.26,5.73
1154,3 3 9 10,15.23,77.90%,13.71,6.2
1155,3 6 8 12,15.25,80.60%,13.94,6.19
1156,4 7 8 12,15.25,79.50%,14.07,6.77
1157,3 6 6 13,15.33,72.60%,12.2,6.46
1158,2 4 10 11,15.41,79.40%,14.23,6.59
1159,2 5 8 8,15.42,71.50%,11.84,6.72
1160,5 5 5 12,15.45,67.60%,10.34,6.42
1161,1 4 4 6,15.53,79.50%,13.62,6.8
1162,7 9 12 12,15.54,64.20%,9.55,5.66
1163,4 6 8 10,15.61,76.20%,12.93,7.78
1164,2 6 11 12,15.69,77.70%,14.15,6.46
1165,5 7 12 12,15.71,66.20%,10.54,6.25
1166,1 5 5 10,15.76,71%,11.85,7.11
1167,2 3 8 10,15.85,82.30%,15.16,6.63
1168,2 5 5 9,15.85,78.70%,14.53,6.04
1169,3 3 8 13,15.89,69.60%,11.47,6.28
1170,4 5 7 13,15.91,72.70%,12.63,6.38
1171,7 7 7 12,16.13,65.10%,9.25,6.24
1172,1 3 12 13,16.14,75.80%,13.76,6.91
1173,2 3 6 7,16.15,81.10%,15.14,6.72
1174,1 3 8 10,16.2,71.10%,12.49,6.57
1175,5 6 9 13,16.44,68.90%,12.58,6.18
1176,4 7 8 11,16.49,68.30%,10.91,6.71
1177,2 6 10 11,16.52,73.40%,13.69,7
1178,3 10 11 13,16.61,71.40%,13.5,6.4
1179,6 10 11 12,16.64,69.90%,13.2,6.34
1180,2 2 6 7,16.72,72.60%,13.3,7.02
1181,4 9 9 12,16.72,71.70%,13.61,6.65
1182,1 4 10 12,16.79,72.30%,12.97,6.71
1183,5 5 6 8,16.8,78.20%,15.04,6.67
1184,2 6 6 9,16.88,72.80%,13.27,6.7
1185,1 3 11 12,16.93,75.90%,14.6,7.56
1186,3 9 9 13,16.94,67.30%,12.25,6.19
1187,2 3 7 10,17.03,77%,15.03,6.86
1188,6 8 9 10,17.06,71%,13.04,7.38
1189,2 4 4 9,17.12,73.50%,13.71,7.53
1190,2 3 7 7,17.14,76.60%,15.27,6.63
1191,6 6 9 10,17.15,70.20%,13.54,7.01
1192,2 7 10 10,17.31,67.90%,13.53,5.91
1193,2 2 9 12,17.35,73%,15.06,6.48
1194,6 6 6 10,17.38,66.20%,11.68,6.65
1195,8 8 8 11,17.44,63.30%,10.44,6.17
1196,10 12 12 12,17.63,64.10%,10.49,5.95
1197,5 7 7 10,17.67,67.60%,13.37,6.63
1198,3 5 8 9,17.72,75.60%,15.83,7.6
1199,3 5 7 12,17.94,71%,14.33,7.93
1200,3 8 9 13,18.03,73.60%,15.45,7.21
1201,3 6 8 10,18.05,66.20%,12.21,6.96
1202,3 9 9 11,18.06,70.20%,13.89,7.63
1203,2 8 10 12,18.11,79.80%,16.66,7.61
1204,2 6 7 10,18.41,69.90%,13.24,7.4
1205,9 9 9 12,18.43,63.50%,10.07,6.91
1206,2 6 8 9,18.45,72.70%,15.58,6.68
1207,4 5 6 9,18.56,75.40%,16.57,7.09
1208,2 6 9 10,18.64,69.50%,14.86,6.87
1209,3 4 8 13,18.64,70%,14.02,8.03
1210,3 5 12 13,18.68,68.10%,14.56,6.62
1211,8 10 12 13,18.68,67.40%,14.5,6.38
1212,2 4 7 8,19.09,76.50%,16.93,7.26
1213,4 8 9 12,19.09,72.70%,16.4,6.89
1214,2 3 10 10,19.48,69.20%,14.71,7.67
1215,2 2 9 10,19.56,65.20%,14.46,7.42
1216,2 7 10 12,19.61,70.30%,16.1,7.16
1217,3 5 9 10,19.7,67.90%,14.66,7.8
1218,2 2 4 4,19.71,71.70%,15.26,8.28
1219,1 3 3 8,19.75,73.80%,15.94,7.99
1220,6 8 8 9,19.8,62.90%,11.77,7.2
1221,2 2 4 12,19.86,75.20%,15.61,9.42
1222,8 10 12 12,19.98,63.30%,11.76,7.49
1223,2 3 11 11,20.03,68.10%,15.14,7.79
1224,1 5 7 10,20.44,69.60%,16.3,7.65
1225,2 3 9 12,20.53,66.90%,13.26,7.75
1226,7 8 8 10,20.56,61.20%,12.34,7.93
1227,6 8 10 11,20.61,64.10%,13.89,7.43
1228,1 3 8 11,20.65,73.40%,16.97,8.27
1229,3 5 10 11,20.8,69.40%,16.11,8.45
1230,5 9 12 13,20.9,64.40%,15.87,7.13
1231,1 2 8 10,21.07,67.80%,15.24,7.93
1232,3 6 9 13,21.15,69.20%,17.2,7.64
1233,2 7 12 12,21.2,62.80%,12.46,7.55
1234,9 11 12 12,21.33,59.40%,10.86,6.54
1235,10 10 10 12,21.36,60.70%,10.56,7.12
1236,2 3 3 5,21.37,69.70%,16.03,8.71
1237,4 4 8 9,21.39,69.60%,17,8.42
1238,3 3 7 8,21.52,68.70%,17.08,8.26
1239,1 6 10 12,21.53,65.90%,14.29,8.05
1240,2 3 5 8,21.54,72.90%,18.1,7.86
1241,3 5 7 11,21.61,64.20%,14.62,7.95
1242,4 5 7 10,22.24,63.40%,14.69,8.12
1243,5 7 10 13,22.58,61.80%,16.57,7.42
1244,2 9 10 10,22.59,61.30%,16.79,7.52
1245,2 4 5 10,23.03,67.30%,17.42,8.13
1246,2 3 6 8,23.39,75.10%,20.34,8.96
1247,5 9 11 13,23.47,61.40%,16.66,7.74
1248,3 4 5 13,23.89,65.50%,18.02,8.55
1249,1 5 9 12,24.14,62.50%,14.25,8.92
1250,5 7 9 10,24.63,60.90%,15.72,8.71
1251,4 10 11 12,24.71,63%,17.56,8.9
1252,2 4 5 5,24.91,60.20%,15.4,8.52
1253,6 6 7 11,24.99,58.10%,13.33,8.26
1254,3 4 4 4,25.18,67.30%,18.1,9.9
1255,2 2 5 8,25.23,63.70%,16.95,9.37
1256,2 5 10 12,25.25,64%,18.21,8.83
1257,5 6 6 9,25.45,59%,14.41,8.96
1258,8 8 9 12,25.46,56.60%,12.87,7.72
1259,8 9 11 11,25.65,58.10%,16,8.45
1260,2 2 6 11,25.66,62.20%,18.65,8.7
1261,4 9 10 12,25.69,62%,17.47,9.42
1262,3 4 7 8,26.01,60.50%,14.62,8.41
1263,3 5 10 10,26.29,54%,12.75,6.92
1264,3 9 11 13,26.5,57.80%,14.24,8.63
1265,5 6 7 9,26.55,59.90%,16.22,9.18
1266,4 7 8 10,26.71,62.40%,18.86,9.23
1267,2 3 13 13,27.39,58.30%,17.79,9.72
1268,2 6 9 9,27.53,57.60%,14.62,8.33
1269,1 7 12 13,27.91,56.40%,15.4,9.4
1270,1 4 9 13,28.32,60.80%,19.03,10.21
1271,3 4 5 11,28.37,63.50%,20.77,10.09
1272,4 10 10 11,28.52,54.70%,19.62,9.26
1273,3 3 6 6,28.75,57.90%,14.41,8.53
1274,6 6 9 13,29.67,54.10%,13.53,8.69
1275,4 5 9 12,29.94,60.70%,22.55,10.5
1276,2 3 7 9,30.68,57.90%,18.41,10.22
1277,4 4 7 13,31.22,53.80%,15.19,9.51
1278,2 5 12 13,31.44,58.20%,22.35,9.97
1279,2 2 7 10,31.56,53.30%,16.51,8.87
1280,1 4 6 10,32.63,55.90%,19.2,9.68
1281,3 6 7 10,33.11,57.30%,22.11,10.54
1282,1 2 7 7,33.27,54.80%,17.59,10.47
1283,2 5 8 12,34.06,54.60%,18.35,10.17
1284,3 8 10 12,34.63,53.80%,20.82,10.61
1285,2 5 7 9,35.16,52.80%,23.55,10.33
1286,2 2 3 10,35.46,54.80%,18.31,10.36
1287,6 7 11 11,35.87,46.20%,20.01,10.31
1288,2 4 7 7,35.95,50.70%,17.46,9.75
1289,2 2 6 9,36.65,52%,18.2,10.24
1290,7 9 11 12,37.14,50%,17.82,10.73
1291,4 7 9 11,37.35,51.60%,22.94,11.29
1292,2 2 3 5,39.22,51.40%,15.58,8.93
1293,5 5 8 11,39.34,46.20%,24.58,11.18
1294,3 6 6 10,39.93,50%,18.61,10.76
1295,5 10 10 11,41.33,41.90%,15.14,7.13
1296,1 5 11 11,42.2,43.30%,16.35,10.01
1297,7 8 9 12,42.24,48.50%,16.35,10.25
1298,1 2 9 11,46.18,44.50%,22.45,12.31
1299,1 5 5 5,47.11,43.50%,12.24,7.48
1300,1 7 13 13,47.11,41.70%,14.37,8.79
1301,4 9 11 11,47.28,43.30%,25.34,13.99
1302,5 9 10 11,47.81,42.90%,28.45,13.54
1303,6 7 7 11,49.02,42.70%,28.02,14.83
1304,5 10 10 13,49.77,38.80%,17.31,8.06
1305,3 3 7 7,49.97,40.90%,12.81,7.57
1306,3 5 8 13,51.39,42%,30.47,14.1
1307,8 9 10 12,51.92,42.50%,22.54,14.33
1308,1 6 11 13,54.34,38.40%,18.77,10.12
1309,2 5 6 9,54.38,44%,27.76,13.9
1310,4 6 6 10,56.81,40.60%,23.13,12.64
1311,1 3 9 10,56.98,40.90%,23.28,12.45
1312,2 2 11 11,58.02,40%,13.62,9.02
1313,5 7 9 12,58.94,39.40%,17.85,11.39
1314,4 4 7 7,59.04,38.70%,14.88,8.42
1315,4 5 6 12,59.8,44%,21.81,16.05
1316,4 6 7 9,59.99,41.70%,19.68,12.36
1317,4 4 10 10,61,39.90%,13.49,9.07
1318,4 7 11 13,62.08,37.20%,31.34,16.81
1319,6 12 12 13,63.01,37.90%,15.55,8.66
1320,3 5 8 12,63.09,38.10%,28.12,13.65
1321,3 4 6 13,63.65,40.10%,20.55,11.9
1322,4 5 6 11,64.39,37.50%,19.79,11.2
1323,6 7 8 12,64.49,40.50%,17.42,12.59
1324,5 7 10 11,64.89,36%,24.65,13.75
1325,5 8 9 13,65.38,35.20%,34.56,16.46
1326,6 11 12 12,66.33,36.30%,15.83,9.33
1327,2 4 11 12,66.98,39.30%,24.28,13.99
1328,2 2 13 13,67.16,37.10%,14.46,8.65
1329,7 10 12 13,67.67,37.80%,22.53,12.98
1330,5 6 8 13,70.63,36%,22.88,11.75
1331,2 7 8 9,70.81,39.40%,18.94,11.53
1332,2 2 6 13,74.25,33.40%,31.52,17.08
1333,1 4 7 11,75.12,35.50%,30.07,16.58
1334,5 6 9 11,75.21,33.50%,26.48,15.26
1335,6 9 9 10,81.28,31.80%,33.11,18.97
1336,7 8 8 13,84.3,29.80%,27.26,15.22
1337,2 5 7 8,85.9,32.80%,28.87,16.08
1338,4 8 8 13,89.32,29.20%,25.15,14.84
1339,2 7 7 10,89.87,27.10%,27.41,13.19
1340,3 3 7 13,91,27.30%,32.95,18.7
1341,3 8 8 10,91.17,29%,25.68,16.23
1342,4 8 8 11,92.49,30%,23.73,14.3
1343,5 5 7 11,95.73,26.20%,26.32,13.74
1344,2 2 10 11,96.37,30.50%,26.22,17.04
1345,5 7 7 11,96.38,26.90%,25.81,13.06
1346,2 3 8 13,98.05,31.70%,24.03,13.16
1347,7 8 10 11,99.33,29.50%,23.9,14.13
1348,9 11 12 13,102.91,28.20%,21.99,13.14
1349,1 8 12 12,106.72,28.80%,20.72,13.5
1350,3 3 5 7,108.58,29.10%,29.21,18.87
1351,3 7 9 13,113.44,26%,40.54,22.49
1352,2 4 7 12,114.42,28%,29.98,17.54
1353,3 6 6 11,114.68,27.10%,25.52,15.71
1354,3 3 8 8,114.83,30.20%,15.72,10.7
1355,2 9 13 13,115.21,24.70%,31.05,19.58
1356,2 4 10 10,117.57,25.50%,29.92,19.64
1357,1 6 6 8,118.87,29.20%,22.32,13.86
1358,3 5 7 13,126.61,23.40%,38.75,21.15
1359,2 5 5 10,192.74,21.60%,24.29,16.81
1360,1 4 5 6,198.69,28.30%,18.41,11.91
1361,1 3 4 6,203.92,27%,19.94,12.49
1362,2 3 5 12,209.71,20.50%,29.52,22.24